Purchase_Order,Vendor,geo_lat,geo_long,Materials,Quantity,Price,Delivery_Date
1,"Larson, Lind and Dare",34.2565473,135.4765527,Glass,903,619,2/1/2021
2,"Bernier, Keeling and Hirthe",34.0661547,134.1688885,Vinyl,239,2391,10/16/2021
3,"Mitchell, Kovacek and Sipes",41.217649,123.1966721,Granite,891,221,7/17/2022
4,Wiegand-Hamill,27.330904,117.044081,Stone,696,2814,10/28/2022
5,"Strosin, Cole and Gislason",-9.975524,123.867401,Granite,582,1595,9/25/2022
6,Rogahn-Kovacek,45.0636892,42.0043376,Wood,315,1179,6/15/2020
7,Marks-Dickens,49.5477597,5.8532859,Plastic,470,1991,10/25/2021
8,Schaefer and Sons,52.0016128,42.344717,Steel,272,299,6/17/2020
9,Lind Inc,38.9083752,-9.050741,Glass,746,3691,7/10/2021
10,Quitzon-Reynolds,39.2166313,77.6012162,Aluminum,603,180,12/20/2022
11,Reinger Group,39.806392,116.4442469,Granite,787,2943,11/21/2020
12,Brakus-Thompson,32.353463,35.074453,Rubber,179,572,10/5/2020
13,Nienow-Tromp,-29.6247579,-50.8316868,Stone,839,2125,5/31/2021
14,Turner-Weissnat,1.003696,-77.7565925,Brass,446,2233,11/17/2021
15,Gulgowski-Trantow,27.648891,118.698821,Stone,929,2594,9/1/2020
16,"Schoen, Collins and Altenwerth",50.3674128,13.5400012,Plastic,149,161,2/25/2023
17,Littel Group,-6.1078857,106.7791791,Granite,535,738,2/21/2023
18,Prosacco-Tillman,48.8242268,16.0657342,Vinyl,581,2097,6/13/2022
19,"Maggio, Quitzon and Green",-27.1009343,-52.615699,Aluminum,387,719,12/9/2022
20,"Macejkovic, Schuster and Mills",11.7367959,41.0822359,Glass,861,359,11/4/2020
21,"Kling, Terry and Zboncak",31.8127435,-9.3381766,Granite,609,1721,10/10/2021
22,Ryan Group,37.1766607,42.1355904,Steel,368,834,9/1/2022
23,Crist Inc,8.0275138,79.8367828,Brass,48,3230,10/29/2020
24,Considine-O'Reilly,29.638995,112.430275,Stone,829,2904,4/25/2022
25,Heller LLC,44.6734042,40.3074973,Wood,601,1092,3/12/2021
26,Raynor-Baumbach,-3.0114,133.7626,Plexiglass,854,2826,6/5/2020
27,"Waelchi, Braun and Mueller",36.689919,118.4807442,Rubber,828,4000,9/20/2022
28,Brakus-Sanford,54.4185233,32.4242426,Plexiglass,462,1168,4/8/2022
29,Homenick-Flatley,33.6435199,42.8253662,Steel,609,2031,11/13/2020
30,"Schaden, Daugherty and Legros",46.8700877,43.0650548,Brass,511,3994,8/14/2020
31,Wolf-Fadel,54.0473494,61.7492324,Aluminum,104,3565,8/30/2021
32,Feeney Group,40.4187499,20.5535753,Plexiglass,270,1899,6/10/2022
33,O'Kon Group,-8.4963229,123.3766669,Vinyl,799,547,2/11/2021
34,Gutmann Inc,18.509402,-69.8631607,Rubber,89,142,3/3/2023
35,Lakin Group,59.8537227,17.6472644,Stone,922,2951,10/30/2020
36,"Auer, Harvey and Reichel",49.2165148,-122.6562872,Aluminum,841,1736,12/23/2022
37,Kunde-Abshire,10.108752,123.2710674,Plexiglass,728,3736,12/12/2020
38,Gulgowski and Sons,-6.81146,106.92569,Stone,126,2896,6/17/2022
39,Murray-Windler,46.592721,131.164723,Rubber,659,2284,12/26/2020
40,"Collins, Sporer and Parisian",29.183761,96.85942,Aluminum,803,2978,4/10/2022
41,"McGlynn, Stehr and Wisozk",32.3630585,-90.1475822,Stone,871,3233,2/28/2022
42,Will-Barrows,-28.4866323,-59.3540025,Plexiglass,726,1394,12/18/2021
43,Becker Inc,30.664436,108.326536,Wood,955,645,9/9/2020
44,Rowe Inc,19.2818854,-98.4410429,Glass,826,3256,6/10/2020
45,McClure Group,52.675914,-113.5832367,Glass,67,2522,7/29/2022
46,"Koch, Stoltenberg and Steuber",14.6688068,121.1138058,Plastic,354,3408,11/28/2020
47,Simonis-Stroman,41.6865621,-8.7534535,Plastic,810,1574,9/28/2022
48,Buckridge-Barton,-20.3483832,-41.6385979,Stone,166,168,12/10/2020
49,"Corkery, Gleichner and Ondricka",58.8965066,15.4323507,Plexiglass,72,1230,6/25/2020
50,"Reinger, Lehner and Cremin",50.5664031,19.5697659,Glass,559,2006,10/12/2020
51,"Towne, Sawayn and Grant",-17.8546259,-40.3322956,Stone,884,1655,10/10/2021
52,"Hodkiewicz, Corwin and Weber",-17.8665628,-70.5666522,Rubber,149,178,11/11/2020
53,"Mueller, Cormier and Walter",45.0575208,20.1945283,Stone,986,2015,11/16/2021
54,Maggio Group,27.2391407,108.9329091,Brass,577,3213,4/11/2021
55,"Jenkins, Cruickshank and Toy",22.951554,112.10915,Stone,360,2212,11/10/2021
56,Harris-Fay,15.4566044,-91.8808763,Vinyl,7,3450,11/18/2020
57,Bauch-Murazik,41.05,-73.54,Wood,524,817,12/3/2021
58,"Shields, Schroeder and Kuhic",28.233802,103.640693,Steel,322,2186,10/1/2021
59,"Pagac, Kertzmann and Greenfelder",-6.8089753,106.493598,Stone,123,2732,2/7/2021
60,Shields-King,41.326318,109.327018,Aluminum,646,2292,8/22/2020
61,McDermott Inc,16.0543375,100.2151578,Brass,720,2454,10/25/2020
62,Beier-Labadie,-2.0983597,-79.6923047,Stone,606,123,6/18/2020
63,Harris LLC,43.0429124,1.9038837,Rubber,553,3861,3/29/2022
64,"Witting, Dickinson and Rolfson",-20.0170955,-45.9795138,Vinyl,386,2683,4/14/2022
65,Weber-Cormier,-34.6961915,-58.8423829,Rubber,971,2883,6/24/2022
66,"Thompson, Gutkowski and Botsford",41.2867601,110.2374621,Vinyl,910,2302,8/19/2022
67,Turcotte-Hudson,49.2422244,17.4697527,Plexiglass,651,2708,7/6/2022
68,Emmerich and Sons,34.1470534,135.2088227,Granite,462,3993,12/24/2021
69,"Jast, Torphy and Schiller",7.75778,124.73361,Vinyl,532,2563,12/27/2022
70,Johnston and Sons,18.8839458,100.3031364,Steel,927,552,10/10/2020
71,Jacobson-O'Conner,51.3541936,18.4554178,Granite,816,2135,4/3/2022
72,Frami-Lakin,-8.25944,115.566002,Brass,314,2414,1/5/2023
73,Stehr-Dooley,38.9426594,-9.3964878,Stone,256,1424,10/19/2022
74,"Casper, Reilly and Sawayn",28.5107872,-81.4828198,Vinyl,48,3944,10/26/2022
75,Dooley Group,44.9878037,20.2567012,Vinyl,783,2103,5/6/2022
76,"Blanda, Koch and Wisozk",-7.1516288,108.8373244,Steel,114,3007,11/2/2020
77,"Hoeger, Rowe and Satterfield",13.1959918,-86.1688177,Wood,901,2638,6/15/2021
78,Greenfelder-Boyle,-31.4834373,-64.2145666,Aluminum,985,2555,1/30/2021
79,Larson-Larson,49.9164727,18.1627822,Vinyl,872,2099,12/31/2020
80,Towne-Moore,-21.9948246,47.3706554,Stone,589,84,11/25/2021
81,"Deckow, Raynor and McLaughlin",-0.789275,113.921327,Steel,444,1574,4/20/2021
82,Reichel-Collins,50.6594689,15.2748089,Aluminum,204,3157,2/1/2021
83,Gislason Group,67.2929841,14.587686,Aluminum,184,3481,4/8/2022
84,"Kemmer, Roberts and Kiehn",-2.3549763,115.5088914,Vinyl,37,3108,9/7/2020
85,Harris Group,48.8313352,58.1488829,Wood,877,3019,11/18/2021
86,Hammes-Cummings,43.8047536,25.9294198,Rubber,257,1858,7/8/2022
87,"Kemmer, Rath and Renner",13.1285787,101.3658004,Granite,980,997,2/17/2021
88,"Bailey, Blick and Rodriguez",40.5369108,21.2582079,Steel,483,386,8/11/2022
89,Lynch and Sons,14.7569624,121.0774147,Wood,938,1002,9/22/2022
90,Murray Group,12.7994866,99.9669212,Steel,350,1307,5/22/2022
91,Bernhard-Rogahn,-20.2418916,57.4895998,Plastic,678,637,1/29/2023
92,Wyman Inc,25.315243,119.090741,Steel,200,472,1/22/2021
93,Pfeffer and Sons,43.1627276,45.6198851,Aluminum,540,1782,12/10/2020
94,Hermiston and Sons,-9.1930089,-38.2110938,Wood,522,2316,12/27/2022
95,Effertz Inc,28.0870967,30.7618397,Granite,422,598,12/7/2020
96,Reichel-Borer,-7.0894174,114.0458275,Vinyl,719,341,11/23/2022
97,Moore and Sons,26.97139,115.118091,Aluminum,746,1537,12/30/2020
98,"Corkery, Hamill and Bogisich",35.0702051,118.2536287,Steel,356,3850,6/7/2022
99,Harber-Collier,-3.5943944,26.6700737,Vinyl,405,210,8/30/2021
100,"Bosco, Davis and Mohr",51.1081572,15.583895,Aluminum,618,642,6/30/2021
101,Hirthe Inc,54.9794837,50.3850925,Granite,541,2608,3/15/2021
102,Berge and Sons,-8.1401564,117.7901088,Glass,265,382,7/19/2022
103,"Legros, Upton and Feest",10.5685138,1.7283341,Granite,481,593,11/10/2021
104,"Altenwerth, Haag and DuBuque",53.6693538,23.8131306,Granite,542,2429,9/27/2020
105,"Bechtelar, Sanford and Wyman",7.9414261,122.3862362,Steel,794,2533,1/12/2021
106,Ferry-Schaden,31.329601,120.434238,Brass,742,2297,6/10/2021
107,"Johnson, Hauck and Douglas",48.3228384,29.1521095,Plastic,562,503,5/6/2021
108,"Cronin, Fay and Johnston",-8.516612,113.8822686,Glass,778,3789,10/13/2020
109,Treutel Group,-8.793392,121.9330894,Aluminum,61,823,6/19/2022
110,Denesik and Sons,-15.6469053,-49.4466005,Rubber,131,942,3/29/2021
111,Zieme-Hettinger,53.21983,15.75932,Granite,658,3128,10/26/2020
112,"Gerhold, Hermann and Stokes",35.5374671,23.7813889,Glass,365,3561,8/18/2022
113,"Kuhlman, Wisozk and Kihn",61.4559668,23.7382315,Glass,898,1488,12/28/2020
114,Beatty Group,11.2807738,124.5651398,Brass,456,2219,12/16/2021
115,"Legros, Reinger and Sawayn",53.8458953,19.6034448,Steel,956,1119,8/13/2021
116,Kunde LLC,-8.7872653,116.2804288,Glass,864,2201,4/17/2021
117,"Willms, Ortiz and Reilly",-8.6417702,126.3795987,Plexiglass,136,2964,4/19/2021
118,"McLaughlin, Stokes and Berge",54.9536614,73.3865836,Wood,993,1921,8/26/2020
119,Hartmann-Langworth,46.3919813,15.5727869,Plastic,882,1544,2/27/2021
120,Graham Group,42.546675,129.010106,Brass,246,3917,6/10/2020
121,Runolfsdottir-Crist,7.193611,100.592145,Plexiglass,394,3374,10/21/2020
122,Durgan LLC,40.841536,22.9208045,Vinyl,805,2732,7/6/2021
123,"Waters, Bogisich and Stamm",51.756353,14.7142269,Rubber,330,795,8/20/2020
124,Shields-Robel,39.109563,117.223371,Granite,327,128,7/25/2020
125,Ruecker-Rempel,58.0618351,7.584995,Aluminum,219,1307,6/30/2022
126,Fahey-Krajcik,34.859175,40.6016766,Vinyl,539,2937,8/12/2021
127,Gulgowski-Heathcote,-22.422971,-45.4602511,Glass,24,3010,11/8/2020
128,Davis-Erdman,59.3366653,18.0930966,Plastic,191,1257,3/25/2022
129,"Conroy, Nolan and Bechtelar",7.9300961,98.3417006,Brass,391,1373,10/16/2021
130,Brakus-Zieme,59.3335257,57.2583377,Aluminum,979,1642,5/12/2022
131,Schuppe-Zboncak,-6.8268504,111.8359916,Aluminum,613,3324,12/9/2021
132,Stokes Group,59.3366653,18.0930966,Wood,276,2087,11/5/2021
133,Altenwerth Inc,45.6878582,18.4041894,Plastic,246,3124,5/8/2021
134,Rodriguez and Sons,6.604594,-73.069241,Steel,105,3148,12/1/2021
135,"Jones, Haley and Wyman",52.300713,-1.6462357,Brass,943,397,3/13/2021
136,Schultz-Wehner,48.3667546,25.2298685,Granite,632,1521,2/11/2022
137,Goldner LLC,52.43843,17.77321,Plexiglass,755,502,8/30/2021
138,"Ondricka, Smith and Altenwerth",-6.197006,106.615284,Brass,998,3413,6/25/2021
139,Rippin LLC,22.5250447,91.9196949,Aluminum,825,3080,9/7/2020
140,Casper-Wisoky,40.412369,117.103146,Stone,478,2986,9/9/2021
141,Kovacek-Klein,6.12151,102.2400127,Brass,320,3107,2/3/2021
142,"Schroeder, Koepp and Schuster",27.690732,111.45269,Brass,563,3907,12/10/2020
143,Ortiz-Bailey,45.4067515,20.6262629,Aluminum,419,138,1/24/2021
144,Nicolas LLC,46.2961712,14.8062347,Wood,870,3787,5/15/2022
145,Kuvalis Inc,36.4173244,139.2821897,Brass,56,766,7/22/2021
146,Emmerich and Sons,16.0271237,-3.9878427,Glass,567,417,10/23/2022
147,Stanton Inc,34.943098,107.77215,Brass,726,3347,7/26/2021
148,"Hirthe, Emmerich and Collier",-8.7517433,122.0183914,Aluminum,675,1700,8/30/2021
149,"Wolff, Jaskolski and Lebsack",-7.1234674,111.8479156,Wood,207,1261,6/25/2020
150,Stracke Inc,-20.5897439,-49.318099,Granite,629,1660,9/15/2022
151,Monahan-Nienow,-30.0263293,25.7797078,Vinyl,77,81,4/19/2021
152,Gislason-Klein,32.8094568,-96.889555,Stone,218,2777,2/25/2022
153,Stiedemann Inc,23.156538,102.746704,Aluminum,880,161,8/24/2020
154,"Barrows, Dach and Raynor",62.4070944,17.2494041,Wood,92,835,2/27/2021
155,"Schmitt, Leannon and Paucek",43.8227415,18.2051201,Steel,454,2305,6/29/2021
156,"Schiller, Will and Friesen",5.1227373,9.9520961,Steel,366,3566,8/20/2021
157,"Mertz, Howell and McKenzie",-23.611227,-46.668872,Vinyl,539,611,5/14/2022
158,Kutch Inc,36.8173373,24.5599015,Wood,598,1035,5/17/2022
159,"Abernathy, Kuphal and Pfeffer",38.7021233,-8.9557309,Aluminum,436,2070,7/14/2021
160,Watsica Inc,53.9559626,38.2899306,Brass,742,1444,11/26/2022
161,"Schmidt, Monahan and Wehner",46.1016128,47.7243761,Brass,23,477,6/4/2021
162,West-Bergstrom,49.8481991,13.9796068,Vinyl,235,603,6/15/2021
163,"Douglas, Daniel and Deckow",60.5708242,22.097429,Plastic,275,2662,11/11/2022
164,"Dietrich, Langworth and Turner",56.5523691,38.0335558,Vinyl,71,3382,4/24/2021
165,"Auer, Emard and Bergnaum",36.320344,113.536047,Brass,651,924,5/8/2022
166,Stark and Sons,55.8065475,38.1784959,Stone,728,473,7/4/2021
167,Krajcik Inc,13.9534752,101.7196704,Brass,690,3200,7/13/2022
168,Mayert Inc,40.3172129,-8.7543161,Plastic,314,3468,11/22/2021
169,Upton LLC,-6.6513426,106.3493224,Stone,379,747,10/27/2020
170,"Steuber, Pouros and Padberg",50.2837307,2.7425682,Wood,495,2321,11/26/2022
171,Goldner Group,6.6753696,124.5444219,Plastic,63,1761,12/3/2022
172,"Kshlerin, Rau and Conroy",-19.9125279,-41.4812771,Stone,218,2199,11/3/2022
173,"Wilkinson, Olson and Stamm",15.3775935,-88.0240796,Wood,176,2129,10/10/2022
174,Abbott-Kohler,61.9919,-49.6572,Granite,486,2407,10/9/2020
175,Terry-Batz,51.7111719,17.993399,Wood,560,1528,7/19/2020
176,"Zemlak, Murazik and Ankunding",-4.4606478,-65.6658568,Stone,717,1368,9/12/2021
177,Lueilwitz and Sons,-6.5588437,-78.7348674,Stone,503,236,2/15/2021
178,Towne-Deckow,35.2686888,9.4283801,Vinyl,972,497,4/24/2021
179,"Jenkins, Greenfelder and Stroman",58.4249631,29.3677109,Steel,185,2904,11/15/2022
180,Blanda and Sons,28.6517036,117.9041296,Brass,322,780,2/14/2023
181,"Feest, Ondricka and Wilkinson",40.284979,117.134151,Granite,243,3478,6/12/2020
182,Cole Group,49.553517,25.594767,Brass,655,295,2/21/2021
183,Brakus Group,14.72328,102.1609718,Stone,585,1319,6/9/2021
184,"Streich, Monahan and Bruen",37.3942527,126.9568209,Wood,434,3719,2/23/2023
185,Sipes-Lynch,36.628305,101.765843,Vinyl,325,1628,8/25/2021
186,Rutherford-Wolff,49.548202,124.364153,Aluminum,507,1605,5/5/2022
187,Gleason Group,50.1629359,17.5748125,Wood,660,3296,8/14/2021
188,Kihn-Berge,51.4057505,-2.5573746,Glass,757,44,7/28/2022
189,Baumbach LLC,41.096515,45.4741645,Granite,508,2234,10/5/2022
190,D'Amore-Ziemann,7.3333335,124.5666656,Brass,496,3593,11/4/2022
191,Fahey-Kertzmann,41.401292,-8.2582067,Stone,262,2668,10/3/2021
192,Farrell Inc,41.3807001,-8.7336232,Plexiglass,256,1156,7/7/2022
193,Mills and Sons,41.2749848,-8.0080212,Brass,700,3181,7/9/2021
194,"Runolfsson, Moen and Cartwright",8.909013,-75.9579358,Wood,519,2027,7/6/2020
195,Crist-Dickinson,62.1331515,22.55812,Stone,707,1290,8/16/2022
196,"Schmeler, Stark and Harvey",-30.6866136,26.7063745,Stone,702,2308,3/21/2021
197,Johnson and Sons,26.647932,107.917448,Plexiglass,761,361,6/14/2021
198,Moen-Howell,36.389401,120.44716,Vinyl,578,1364,8/22/2022
199,"Weber, Gerhold and Pfeffer",32.147679,114.091192,Brass,979,3788,3/16/2022
200,Lebsack Group,12.4492291,98.6270628,Wood,718,959,6/15/2022
201,Rice and Sons,30.242572,120.053059,Vinyl,223,3934,11/30/2022
202,"Cormier, Steuber and Cremin",45.4002994,29.5961736,Aluminum,145,2446,4/1/2022
203,"Jacobi, Conn and Terry",39.41691,69.28677,Steel,789,671,10/1/2021
204,Torp-Armstrong,48.9323908,2.4774664,Rubber,210,3190,12/5/2020
205,"Sipes, Feil and Brekke",-26.8193949,-65.1435685,Stone,404,1680,2/28/2021
206,Blick-Schmeler,40.78276,43.80583,Plastic,26,1071,8/7/2022
207,Considine and Sons,5.4602321,95.3900288,Steel,406,3277,10/20/2020
208,Kozey-Bayer,31.095979,105.094586,Steel,292,1216,5/2/2021
209,Gutmann and Sons,-8.6797285,122.3504283,Wood,985,608,5/29/2022
210,"Funk, Simonis and Carter",41.2267295,-8.378101,Aluminum,739,751,2/17/2023
211,"Bednar, Heaney and Bode",29.275625,110.790339,Glass,280,2854,11/20/2022
212,Douglas and Sons,13.9734064,121.6889505,Wood,423,208,10/20/2020
213,Bergstrom-Lakin,30.274084,120.15507,Aluminum,356,97,10/8/2021
214,"Little, Lowe and Howell",34.5107638,69.1173623,Wood,653,1629,5/23/2021
215,Ledner and Sons,60.4741704,15.4902722,Aluminum,303,1632,7/17/2022
216,"Pacocha, Lynch and Streich",4.272793,-74.416014,Plastic,551,3629,6/4/2020
217,"Mayert, Fritsch and Ernser",22.556499,114.236875,Rubber,561,2903,7/19/2020
218,Rohan-Krajcik,53.3582341,-6.4496384,Stone,111,1754,6/17/2021
219,"Kling, Wehner and Oberbrunner",27.9972231,67.9616412,Plastic,744,1926,4/22/2021
220,Thiel LLC,56.7458379,24.4061069,Steel,408,299,6/17/2022
221,Rippin-Block,53.068264,16.136353,Plexiglass,734,2447,5/18/2022
222,Crist-Runolfsdottir,41.7973754,-8.4685789,Aluminum,307,3715,10/1/2021
223,"Bode, Hahn and Steuber",57.8593919,12.4331389,Vinyl,246,158,1/10/2023
224,"Keebler, Wiegand and Erdman",57.6801021,11.9901161,Steel,119,1615,11/18/2020
225,Aufderhar Inc,11.1572834,166.887052,Glass,196,880,5/24/2021
226,"Stanton, Bailey and Hagenes",49.7370109,17.427878,Vinyl,610,2663,11/11/2020
227,Okuneva Inc,47.9956173,0.1924459,Vinyl,190,542,4/27/2022
228,Tremblay-Hayes,-8.7876456,121.6029824,Glass,711,1283,7/4/2022
229,Stoltenberg Inc,-19.7667781,-43.0343237,Aluminum,994,159,2/17/2023
230,Baumbach Inc,57.7193237,11.9120278,Rubber,919,2774,7/20/2022
231,"Padberg, Kutch and Friesen",-7.4515784,108.1888771,Steel,568,2500,12/28/2021
232,Corwin-Dickens,-13.1340453,38.9981052,Plexiglass,860,2616,12/10/2020
233,Hudson-Rohan,48.3606958,-0.2717072,Rubber,950,369,7/13/2022
234,O'Hara-Metz,10.5925289,14.3210095,Granite,912,94,4/12/2021
235,White-Dickens,-13.7557949,-172.3051657,Stone,577,1701,11/28/2021
236,Bahringer and Sons,41.11028,21.01139,Granite,604,3337,3/17/2021
237,Treutel-Daugherty,39.918603,22.6825626,Aluminum,831,3495,9/5/2021
238,Graham Inc,59.922175,10.727404,Wood,537,2544,1/31/2022
239,"Hartmann, McGlynn and Schmitt",-6.4185424,106.8502879,Vinyl,318,1900,10/7/2022
240,"Considine, Hermiston and Hirthe",17.7409147,-91.7660525,Aluminum,120,155,3/28/2021
241,"Swaniawski, Rogahn and Effertz",41.3743894,-7.6099869,Plexiglass,981,1097,3/6/2021
242,Emmerich and Sons,54.6567593,32.1804491,Aluminum,96,152,7/17/2021
243,Gulgowski LLC,-7.7177,114.0741,Aluminum,914,446,10/26/2022
244,Langworth and Sons,35.5732078,8.6683097,Granite,775,792,3/18/2023
245,"Stroman, Wunsch and Jerde",25.9375976,-100.3638252,Plastic,587,2953,10/18/2022
246,"Strosin, Kohler and Thompson",43.1905743,3.0057099,Stone,902,1915,6/21/2022
247,"Gutkowski, Tremblay and Boyle",48.5393826,135.0394338,Wood,237,353,2/20/2021
248,Flatley LLC,17.8735534,-77.2290193,Wood,626,1063,12/19/2021
249,"Fadel, Waters and Lind",37.7616723,-25.1607541,Granite,173,3945,5/7/2021
250,Lemke LLC,-25.1042007,-65.5381671,Wood,397,3663,8/27/2022
251,"Ritchie, Johnston and Lynch",9.8245916,122.9082413,Brass,819,404,2/3/2021
252,"Kunde, Corwin and Crona",-3.0029841,115.9467997,Stone,887,3909,6/9/2022
253,Hintz and Sons,44.7154014,37.7619669,Brass,102,1241,11/30/2021
254,Schuster-Hilll,-21.1041295,55.2484176,Rubber,450,980,7/1/2022
255,Bayer and Sons,11.0915371,-6.8914024,Brass,760,2353,11/22/2021
256,Welch-Reynolds,14.8032838,-88.5975892,Plastic,888,2553,4/26/2022
257,Hintz-Bailey,8.1393408,4.7174062,Plastic,175,196,4/14/2021
258,Stroman LLC,60.7865441,14.1928243,Glass,824,2413,6/20/2021
259,"Prosacco, Conroy and Halvorson",18.8121479,-70.0347754,Steel,875,814,5/10/2022
260,Watsica and Sons,46.801046,98.0983756,Wood,592,2160,8/14/2021
261,"Stiedemann, Mante and Russel",-7.5450262,111.6556388,Vinyl,903,212,4/8/2022
262,"Schroeder, Turcotte and Nikolaus",49.5733006,21.0597432,Stone,634,3318,1/31/2023
263,Mitchell-Pfannerstill,50.0026509,18.9881936,Granite,20,850,6/26/2020
264,Witting Group,-8.38225,114.63643,Brass,544,711,2/3/2022
265,Ebert-Hansen,41.2930767,-8.2707264,Wood,897,3961,10/27/2022
266,Walter Group,46.1357218,14.7444352,Steel,994,2123,4/19/2021
267,Herzog-Bayer,9.8318931,123.4675853,Glass,979,3346,1/25/2023
268,Jenkins-Davis,34.746611,113.625328,Stone,525,2261,11/28/2021
269,Langosh and Sons,50.23154,24.377,Vinyl,50,1678,7/7/2020
270,Rowe and Sons,36.6454207,52.9009502,Granite,528,3128,3/9/2021
271,Hegmann LLC,50.7881573,4.4180065,Stone,609,2084,9/11/2021
272,Goodwin-Huel,54.7747231,22.8634338,Stone,124,1204,1/2/2023
273,Runolfsson-Block,-20.6670494,-42.8618635,Plastic,276,873,6/5/2020
274,Williamson and Sons,8.4937903,124.635164,Aluminum,15,3752,11/5/2021
275,"Schowalter, Fay and Donnelly",7.7553228,124.2474479,Plastic,809,2722,10/14/2021
276,"Schimmel, Mann and Wisoky",51.3106091,21.2523841,Vinyl,554,910,9/19/2022
277,"Rosenbaum, Hettinger and Johnson",13.5570718,-88.3494328,Granite,940,2977,6/17/2022
278,Considine Inc,53.0353444,5.6840137,Glass,609,2704,8/7/2021
279,Koelpin Group,49.9747505,16.40677,Aluminum,104,3065,6/5/2020
280,Marks LLC,-6.4240524,-79.242648,Plexiglass,893,2954,12/28/2022
281,"Trantow, Rice and O'Conner",40.8437383,22.2997708,Granite,74,3947,8/12/2022
282,Spinka-Dicki,43.4945737,5.8978018,Vinyl,28,2668,2/3/2022
283,Stark-Hettinger,16.2413934,-61.5340396,Aluminum,455,2123,3/1/2023
284,Armstrong-Schuppe,19.188296,108.799374,Plexiglass,250,2524,4/21/2022
285,Blick and Sons,49.0194225,2.4613377,Brass,640,406,5/6/2022
286,Zboncak-Durgan,36.8830175,137.4502378,Vinyl,663,3168,2/6/2021
287,Hane Group,-6.8027421,105.7644596,Granite,457,3729,6/5/2022
288,Heidenreich-Harber,42.2098979,20.7400297,Wood,337,1575,5/6/2021
289,Wuckert-Gleichner,36.7027082,67.7079491,Plastic,479,2093,10/3/2021
290,Runolfsson LLC,59.4033695,17.9443213,Brass,768,157,8/27/2021
291,Herman-Dach,-13.470532,-72.8795,Wood,338,234,3/6/2021
292,"Bartell, Kertzmann and Zieme",48.9975355,15.3515386,Brass,113,1126,1/8/2021
293,"Blick, Kshlerin and Jast",14.6773627,43.5799151,Rubber,696,2941,1/11/2022
294,Lemke Group,36.8022774,-76.2768755,Steel,624,3242,9/18/2022
295,Dibbert Inc,14.155481,120.92747,Vinyl,784,633,12/26/2022
296,"Hand, Hegmann and Krajcik",49.7370109,17.427878,Granite,63,3121,9/21/2021
297,"Schmeler, Kilback and Mayer",21.0256819,106.9983133,Glass,75,2725,10/24/2020
298,"Reilly, Harvey and Schneider",14.9795865,120.6149195,Brass,735,3990,6/23/2021
299,Ullrich Group,25.419319,118.993885,Brass,232,604,8/15/2022
300,Gorczany and Sons,46.3043619,38.9758429,Rubber,609,1003,6/12/2020
301,"Hegmann, Hoppe and Aufderhar",7.1966596,35.4288797,Rubber,907,1389,9/9/2022
302,"Schultz, Breitenberg and Hirthe",57.0973349,12.2573683,Granite,96,735,1/30/2021
303,"Marks, Kunde and Collins",15.5027303,120.5129814,Vinyl,426,3356,7/8/2022
304,Weissnat Inc,-14.3568964,-71.1693594,Aluminum,485,151,10/7/2021
305,"Kling, Mitchell and Lynch",32.762022,111.709662,Wood,969,1945,1/16/2021
306,"Marvin, Kozey and Mayer",43.4320181,6.7329389,Vinyl,734,2449,7/7/2021
307,"Orn, Grant and Witting",22.863502,114.333767,Plastic,342,851,8/27/2020
308,"Zboncak, Hyatt and Cummings",27.127669,113.961465,Granite,883,3662,6/19/2020
309,"Littel, Pollich and Reichert",-34.6730937,-58.5501558,Steel,883,629,8/11/2020
310,"Hane, Wisoky and Kilback",39.3438828,-8.0659871,Plexiglass,246,785,10/4/2022
311,Deckow LLC,34.5057425,134.2087936,Aluminum,86,690,6/4/2022
312,Effertz LLC,-14.19396,-73.54213,Plexiglass,695,3211,6/14/2022
313,Kutch-Baumbach,-7.6179234,109.1850317,Aluminum,645,3685,8/28/2020
314,Reichel LLC,41.2899133,-96.0996978,Glass,303,3515,8/12/2020
315,Grimes Inc,20.2542725,-76.5430429,Vinyl,415,2727,5/1/2022
316,Considine-Weissnat,23.021478,113.121435,Stone,620,2172,4/1/2021
317,"Feil, Lynch and Langosh",26.547864,106.7716045,Vinyl,438,834,2/11/2022
318,Douglas-Kautzer,-7.2578991,107.8632023,Plastic,840,2613,10/9/2022
319,Dooley-Champlin,38.2270256,-7.6809329,Wood,92,3760,4/29/2021
320,Cremin Inc,37.08828,79.855399,Wood,570,2393,12/22/2021
321,Kessler LLC,13.4570619,123.6791749,Steel,553,1725,3/4/2023
322,Schimmel-Sauer,50.0385516,14.0470364,Wood,482,2698,10/26/2021
323,Altenwerth LLC,-16.328546,-48.953403,Stone,202,1786,8/8/2020
324,"Aufderhar, Conroy and Berge",-10.8416198,39.6285874,Wood,305,1377,2/6/2023
325,"Smitham, Heidenreich and Nienow",30.830898,120.92585,Brass,90,1100,7/11/2020
326,Emmerich-Durgan,40.425649,-3.6721577,Stone,470,1444,1/5/2023
327,Osinski Group,22.2566889,106.4731314,Rubber,122,3651,12/10/2021
328,"Nicolas, Donnelly and Lowe",-6.5596329,111.0534923,Stone,300,2609,8/30/2022
329,Cole-Bechtelar,30.132282,109.857969,Granite,741,2338,3/21/2022
330,Aufderhar-Rosenbaum,58.6050084,16.1608259,Plastic,469,280,11/15/2021
331,"Yost, Nicolas and Altenwerth",43.5414515,-5.8855146,Rubber,650,1423,6/6/2020
332,Cremin LLC,6.658614,-72.733351,Granite,523,970,8/22/2020
333,Vandervort Group,17.3091916,99.8434475,Glass,524,1915,8/15/2020
334,"Smitham, Mayer and McLaughlin",34.477513,107.148314,Plastic,90,618,6/17/2022
335,Stiedemann Inc,0.033333,22.55,Brass,136,1470,8/2/2020
336,"Legros, Marks and Harber",43.7441795,2.511999,Steel,928,3002,6/30/2022
337,Parker LLC,51.6515663,18.4344355,Steel,447,2025,10/22/2021
338,Goyette LLC,49.47512,-123.75903,Steel,714,218,7/11/2020
339,Cormier Group,44.76324,17.19012,Stone,790,440,5/30/2022
340,Hahn and Sons,-9.5606075,124.6026671,Brass,109,2365,8/18/2022
341,"McClure, Frami and Jacobson",49.0648694,13.6889288,Granite,708,2017,7/29/2020
342,"Brakus, Lakin and Beahan",15.3362649,-88.5529063,Vinyl,484,1478,1/13/2022
343,"Gulgowski, Friesen and O'Kon",-25.330584,31.016119,Plexiglass,407,2709,6/7/2021
344,Fay and Sons,12.4069994,4.647618,Granite,694,1519,1/28/2021
345,"Legros, Haag and Fritsch",-43.2098678,171.3169384,Plexiglass,495,2869,10/27/2022
346,Gerlach-Mayer,-6.939897,106.9506175,Brass,626,1662,11/21/2021
347,Lindgren LLC,49.7692372,43.6416286,Vinyl,489,3836,8/15/2022
348,"Cole, Pfannerstill and Rosenbaum",14.8801218,-91.4586872,Stone,175,3280,7/17/2022
349,Lehner-Kuphal,23.6367493,90.5074729,Aluminum,523,2720,1/9/2023
350,Legros and Sons,-6.1664291,106.2125017,Glass,255,1146,11/20/2022
351,"Pollich, White and Tillman",37.6360028,127.2165279,Brass,202,3250,4/22/2022
352,Morissette LLC,34.292103,107.531655,Steel,113,2066,7/20/2020
353,"Morar, Goodwin and Stokes",-28.471976,-49.0147244,Stone,389,2476,7/7/2022
354,Champlin LLC,55.1192905,61.6026474,Rubber,265,169,2/28/2022
355,Stehr and Sons,-7.0405094,111.2636363,Stone,766,1703,8/31/2022
356,"Hauck, Braun and Jast",49.794945,17.865273,Plastic,208,1991,9/19/2022
357,"Auer, O'Keefe and Bradtke",-16.9163431,-56.0249982,Vinyl,252,3862,7/14/2022
358,"Rogahn, Wuckert and Fadel",30.3220554,73.1302301,Stone,889,2792,7/7/2020
359,Anderson LLC,39.026091,-95.7226884,Vinyl,500,700,7/12/2020
360,Rice-Graham,35.86166,104.195397,Brass,66,1865,7/19/2021
361,Quitzon-Satterfield,-6.2265897,106.5153134,Wood,429,3442,12/3/2020
362,"Wehner, Kirlin and Howe",-6.6597862,107.7132895,Vinyl,494,1322,7/30/2022
363,Ryan LLC,31.8024122,12.3005803,Rubber,114,3026,9/22/2022
364,Nader-Fay,46.294568,17.3742925,Glass,517,3142,10/1/2021
365,Turner LLC,-20.2973067,57.496673,Rubber,640,3532,7/25/2022
366,Abbott and Sons,22.280436,114.157935,Brass,843,1899,7/26/2021
367,Kautzer and Sons,60.1386576,17.6375865,Wood,86,3476,7/26/2021
368,Heller-Gorczany,55.6152783,37.9416367,Plastic,94,2155,4/9/2022
369,Beer-Champlin,27.7244646,100.7887231,Wood,831,3059,8/21/2022
370,Mayert-Hirthe,49.9498112,14.034461,Vinyl,269,1060,1/17/2023
371,"Renner, Gibson and Beatty",35.615079,111.547182,Wood,371,1926,8/11/2020
372,VonRueden-Abernathy,33.1911812,68.089484,Granite,858,1491,4/29/2022
373,"MacGyver, McGlynn and Parisian",40.69,-73.81,Glass,952,2823,7/25/2021
374,Harris and Sons,61.5928356,24.5915028,Vinyl,850,2874,5/19/2021
375,Mills Inc,-6.3030571,106.8912492,Stone,212,1725,2/27/2022
376,Murazik and Sons,29.866818,121.570383,Aluminum,109,1810,1/18/2021
377,Murazik Group,27.33186,118.995179,Aluminum,601,2384,8/28/2021
378,Hermann Group,41.2290184,-8.5381298,Steel,674,3333,12/24/2022
379,Roob-Beer,26.09765,118.439554,Wood,913,382,1/15/2021
380,"Roberts, Parker and Borer",41.805137,123.4699481,Steel,415,3659,11/13/2020
381,"Botsford, Rodriguez and Jacobson",21.270702,110.359368,Stone,990,1742,3/23/2021
382,"Gusikowski, Hamill and Rowe",26.770007,113.535405,Steel,213,3036,9/27/2020
383,Mraz-Huels,38.2905469,139.5501904,Brass,403,1367,5/24/2021
384,Robel Inc,42.8045028,-1.6432837,Glass,220,2528,7/7/2020
385,"Daniel, Nitzsche and Kozey",58.695946,11.2533509,Vinyl,113,1083,6/27/2022
386,"McDermott, Mante and Pollich",36.139998,120.677011,Plastic,564,1100,8/6/2021
387,Cremin and Sons,-24.5323166,32.9831998,Stone,552,3539,4/19/2021
388,"Fadel, Murphy and Lehner",42.65,-73.76,Plexiglass,237,2103,7/16/2020
389,Monahan-Barton,-6.4031324,107.4552608,Wood,668,3840,10/8/2020
390,White-Wiegand,40.3727775,-7.8600447,Aluminum,133,3238,1/28/2022
391,Emmerich Inc,-45.4035437,-72.6864154,Plexiglass,322,3557,2/20/2023
392,"Larson, Corkery and Hermiston",-23.3233727,-46.7294577,Brass,970,3684,7/28/2020
393,Swaniawski Group,8.2158527,-13.0961989,Wood,724,301,7/13/2022
394,Graham-Ortiz,35.30385,113.875245,Glass,418,1679,6/8/2020
395,Goldner-Runolfsson,59.3145841,18.0615388,Brass,421,3248,1/21/2022
396,Reichel-Leannon,22.3897318,90.7493663,Plexiglass,294,3948,9/12/2021
397,Bosco-Boyer,-1.2816645,36.8458837,Aluminum,510,2987,10/4/2021
398,"Rowe, Williamson and Breitenberg",40.561598,22.1857013,Rubber,879,1054,8/20/2022
399,Donnelly-Klein,48.9371252,14.6292015,Aluminum,70,3257,6/5/2021
400,Hills LLC,32.629398,110.798266,Plexiglass,916,1185,5/21/2022
401,Littel LLC,37.1764814,-8.201073,Plexiglass,429,996,10/27/2021
402,Hammes Inc,15.3694451,44.1910066,Vinyl,981,3350,7/27/2022
403,O'Kon-Murray,51.2308402,51.9665342,Plexiglass,782,262,6/2/2021
404,Lind and Sons,42.3745311,-88.1263369,Aluminum,264,1166,3/1/2022
405,Zboncak and Sons,46.524673,83.628303,Wood,867,1070,12/30/2020
406,Paucek and Sons,16.4267638,103.1048449,Steel,444,1925,11/20/2021
407,"Wolf, Lubowitz and Block",5.1443561,10.5239867,Vinyl,755,2123,7/6/2022
408,Batz-Beier,40.0134476,21.1891151,Glass,277,2603,3/9/2023
409,Schmitt Inc,-6.9465,113.8331,Rubber,514,2331,9/16/2022
410,Reynolds-Block,64.0662338,27.5846719,Plexiglass,344,445,9/6/2022
411,"Dibbert, Mayer and Rosenbaum",-31.3746109,-64.1916038,Plexiglass,399,3352,10/21/2022
412,Labadie LLC,49.8189015,24.3031209,Wood,944,1861,1/13/2023
413,Auer Group,35.3113485,25.313023,Rubber,492,525,1/27/2023
414,"Kreiger, Kessler and Kerluke",29.859714,113.801133,Plexiglass,915,272,7/15/2021
415,Bernhard and Sons,24.210761,102.61616,Glass,533,1878,3/14/2022
416,"Hintz, Yundt and Ferry",17.6102139,121.7177272,Stone,844,2841,6/18/2020
417,Ratke-Carter,43.8533322,25.9522679,Vinyl,553,3011,12/21/2022
418,Sipes-Hamill,31.7338222,118.8719394,Wood,98,3153,7/11/2021
419,"Carter, Schimmel and Adams",39.1425,126.09611,Brass,518,813,1/17/2023
420,Witting and Sons,55.0121393,88.4665697,Aluminum,833,3128,10/12/2022
421,Bechtelar Group,-7.1520459,108.5196028,Granite,911,2223,2/25/2023
422,"Gorczany, Maggio and McLaughlin",13.0748879,120.7213113,Vinyl,746,1362,7/27/2021
423,Herman Inc,29.4315861,106.912251,Plexiglass,1,1817,3/28/2022
424,"Macejkovic, Koss and Kuvalis",-8.0888877,111.4514369,Plastic,783,3900,10/1/2022
425,"Gleason, Reilly and Stroman",25.5204824,55.7133909,Stone,293,801,6/8/2022
426,Johnston-Denesik,49.9086926,19.9865104,Rubber,266,426,6/30/2022
427,"Wilderman, Lindgren and Ullrich",23.1456682,113.253787,Steel,519,1171,12/23/2021
428,"Bailey, Emard and Feeney",35.5374671,23.7813889,Steel,31,1602,9/11/2020
429,Gorczany Inc,49.039076,2.074954,Vinyl,395,2543,8/11/2020
430,Prosacco-Mitchell,43.591386,81.239566,Granite,562,599,10/14/2022
431,"Lowe, Mante and Murazik",34.519664,113.004052,Wood,891,3921,10/15/2022
432,"Kiehn, Ondricka and Olson",57.6491924,11.8884682,Steel,980,2557,6/19/2020
433,Rutherford-Parker,55.9576019,36.2249059,Steel,425,415,5/6/2021
434,Harris Group,-3.1367979,112.6913764,Brass,138,2120,4/16/2022
435,Anderson-Upton,50.9704636,15.3858774,Stone,599,3046,9/20/2020
436,"Bednar, Smith and Hammes",51.4270935,21.3306176,Plastic,846,271,1/30/2022
437,"Bechtelar, McCullough and Bashirian",59.3586958,17.9687559,Brass,569,2171,7/10/2020
438,"Lang, Langworth and Rice",42.8271637,2.9134412,Vinyl,627,2409,2/18/2023
439,"Stokes, Runte and Kuhic",-7.9199459,113.8138552,Steel,829,2689,11/21/2020
440,Koss and Sons,49.16638,-121.95257,Stone,640,1828,8/27/2020
441,Pouros and Sons,10.0342937,126.0415372,Plastic,571,3007,10/14/2020
442,Sawayn-Keebler,17.2375,99.818333,Aluminum,880,2448,3/13/2022
443,Halvorson-Prosacco,41.737365,140.5800948,Vinyl,42,1638,2/4/2022
444,"Kohler, Abbott and Hermann",11.0574624,-12.3979431,Plexiglass,963,1602,10/7/2021
445,Fadel-Gutmann,40.4339379,21.9055846,Plexiglass,421,2241,12/3/2021
446,"Reilly, Johns and Quigley",8.9475374,125.5406265,Plastic,710,549,11/5/2020
447,"Bednar, Nienow and McCullough",12.3084603,124.6357734,Aluminum,993,2982,3/11/2021
448,Medhurst-Ullrich,36.2308144,38.0181686,Aluminum,906,1425,12/23/2020
449,Shields LLC,-10.2824604,123.3205544,Stone,138,3220,11/23/2021
450,McCullough-Haag,-27.0501654,-55.5746294,Plexiglass,226,1784,12/12/2022
451,Hand-Casper,-27.6849439,-52.2337184,Steel,576,3921,5/21/2021
452,Osinski and Sons,4.727773,-76.121514,Plexiglass,671,3035,3/26/2021
453,Marvin-Spencer,38.47436,106.239679,Steel,928,1942,6/18/2022
454,Frami Group,47.5113895,1.820875,Steel,41,288,11/11/2022
455,Hand Inc,37.3051059,136.7493479,Glass,948,140,2/2/2023
456,Padberg LLC,8.7600869,-79.8576828,Stone,366,3397,2/3/2023
457,"Lehner, Spinka and Robel",31.282641,120.392977,Plexiglass,503,3145,12/11/2022
458,"Altenwerth, Quitzon and Schmidt",14.5618599,121.0130439,Vinyl,491,3150,5/27/2022
459,Hagenes-Towne,41.603085,46.638308,Plexiglass,677,1562,5/29/2022
460,"Kihn, Hamill and Beatty",40.23921,116.12895,Wood,911,2269,7/18/2021
461,"Veum, Kessler and Baumbach",49.333258,6.15176,Brass,602,661,2/3/2023
462,"Becker, Volkman and Stracke",35.89917,14.49444,Stone,342,1594,11/6/2021
463,Welch and Sons,49.8279218,22.3924149,Granite,516,3547,6/21/2020
464,"Cremin, Miller and Parker",41.9121057,22.4068944,Rubber,143,43,9/4/2021
465,Mayer Group,31.5572,65.4343,Vinyl,428,721,7/15/2021
466,Hamill-Murazik,52.5424757,16.3067301,Wood,88,359,1/31/2021
467,"Bergstrom, Quitzon and Weimann",5.742809,125.243313,Wood,730,1783,7/10/2022
468,"Blanda, Schmitt and Keebler",59.8863041,29.9085976,Rubber,706,1700,1/17/2022
469,Zboncak-Treutel,36.0174073,139.659239,Granite,6,727,5/17/2022
470,"Hirthe, Rosenbaum and Kunze",46.176012,129.425798,Aluminum,993,2416,10/15/2021
471,Stark LLC,-7.7169637,107.9472579,Steel,358,748,5/22/2022
472,"Okuneva, Reynolds and Langosh",38.35,-81.63,Plexiglass,458,936,7/16/2022
473,"Powlowski, Rosenbaum and Effertz",44.263401,43.7629729,Vinyl,877,3163,2/24/2023
474,"Adams, Reichert and Koelpin",21.0130648,-101.8542461,Steel,95,2771,6/7/2020
475,"Greenholt, Luettgen and Littel",49.565935,34.066522,Vinyl,373,1403,11/13/2020
476,Cormier Group,59.8503114,17.5896168,Plexiglass,572,3952,9/18/2022
477,Konopelski Group,9.0072301,125.2122777,Plexiglass,643,1272,3/27/2021
478,Rogahn-Ritchie,-34.8702993,-71.1664033,Brass,741,1696,12/14/2020
479,Gleason-Gorczany,55.597144,37.0361031,Brass,316,2200,3/17/2023
480,Zieme Group,-17.6091383,-66.0255368,Wood,116,98,4/23/2021
481,Grimes-Smith,39.915412,116.405478,Vinyl,661,1644,3/25/2021
482,Smitham Group,46.6063814,15.7861748,Brass,951,3888,5/27/2022
483,"Wolf, Nikolaus and Turcotte",45.456699,38.9760024,Steel,262,1191,11/4/2021
484,Dicki LLC,38.135005,114.955312,Plexiglass,985,1166,10/17/2020
485,"Steuber, Schmeler and Lemke",33.1991855,130.2705618,Rubber,964,1077,6/22/2022
486,"Langworth, Kreiger and Bednar",-23.6898429,-46.5648481,Brass,695,198,11/22/2021
487,"Rau, Swift and Grady",40.6400629,22.9444191,Glass,905,2996,8/26/2021
488,Prohaska and Sons,6.9463216,1.1688978,Stone,745,3045,8/31/2021
489,Schmidt and Sons,34.6520219,135.6373307,Rubber,293,1692,3/7/2023
490,Kuhic-Braun,56.4808469,43.5438088,Rubber,725,834,6/1/2022
491,Bechtelar Group,12.261245,121.990929,Vinyl,671,822,11/15/2021
492,Toy-Casper,55.0218,82.202,Plastic,445,908,12/3/2022
493,Larson Group,-23.0821226,-52.4622155,Vinyl,776,1941,5/24/2022
494,Stark-Hickle,57.8675746,39.5333394,Stone,598,3680,11/1/2020
495,"Osinski, McLaughlin and Davis",41.2505888,-75.8520879,Granite,850,2429,12/1/2022
496,Larkin-Wiza,30.42594,111.76053,Steel,275,1115,10/7/2020
497,"Johnson, Paucek and Breitenberg",-26.4105245,-57.1154122,Plastic,576,318,3/29/2022
498,Dietrich-Rippin,44.9280296,4.8932938,Granite,318,3669,3/1/2022
499,"Goldner, Steuber and Collier",50.6696898,18.2791747,Steel,709,3281,3/3/2023
500,Rath-Kuhn,10.2493103,-68.8496351,Wood,208,3000,9/12/2021
501,"Abernathy, Daugherty and Ortiz",26.608357,118.481377,Glass,119,257,9/1/2021
502,Waelchi-Robel,35.8250555,128.7415441,Steel,490,1086,3/24/2022
503,Beier-Barrows,20.7595709,-103.427389,Stone,936,3477,4/12/2022
504,"Johns, Hickle and Heaney",33.54832,36.21564,Granite,76,1550,5/9/2022
505,Rodriguez Inc,64.8101062,25.987464,Steel,55,977,3/12/2022
506,Bashirian-Bosco,36.730837,104.785208,Vinyl,374,3451,3/7/2021
507,Schmidt Group,19.214452,110.019489,Stone,723,3956,3/9/2021
508,"Schamberger, Monahan and Nader",-3.3619906,122.5917078,Vinyl,451,1955,9/16/2021
509,Lockman LLC,47.086965,81.6315231,Plexiglass,570,2279,8/19/2021
510,Lang Inc,-16.4,-70.733333,Aluminum,182,633,12/15/2022
511,"Volkman, Farrell and Boehm",36.990268,107.853926,Steel,451,31,5/31/2021
512,"Johns, Swift and Kunde",14.6411839,121.0469082,Stone,370,486,6/28/2021
513,Schuster-Stehr,47.6515359,28.0469428,Aluminum,358,1649,7/21/2022
514,Haag and Sons,-7.5429807,110.8135688,Plexiglass,516,3607,12/30/2020
515,Rippin LLC,-8.601207,115.1159883,Steel,420,1604,3/5/2023
516,"Walsh, Hudson and Rowe",54.2490828,18.8664712,Aluminum,877,1865,12/16/2020
517,"White, Toy and Cole",45.0804254,14.0845863,Wood,360,2224,8/25/2021
518,Hickle-Barrows,51.7555981,18.3095531,Stone,370,2328,9/18/2021
519,"Greenholt, Fay and Paucek",59.8581364,17.6545551,Plastic,452,1165,6/10/2021
520,Senger Group,34.0051492,-81.0488996,Vinyl,949,2035,3/31/2022
521,"Herman, Nicolas and Hintz",53.4835228,17.2120661,Plastic,228,1322,8/12/2020
522,Mitchell-Kilback,-24.7289094,-53.7365827,Vinyl,226,3537,1/20/2021
523,"Gutmann, Goodwin and Parisian",18.3092599,-77.5246795,Plexiglass,852,2254,7/6/2022
524,"Rogahn, Casper and Schmidt",6.9936468,35.5821994,Plexiglass,417,2284,1/7/2023
525,"Runte, Nicolas and Abshire",30.532847,105.592898,Rubber,939,3299,7/28/2021
526,Macejkovic-Halvorson,-7.038375,112.9136695,Plastic,625,1608,1/5/2023
527,Koelpin-Halvorson,29.1416432,119.7889248,Wood,828,866,5/13/2021
528,"Larson, Mertz and Weber",-2.0669719,101.39186,Plexiglass,512,2614,12/2/2022
529,Johnson-Crist,-6.2401676,-38.9459326,Granite,37,2436,6/6/2020
530,Schinner and Sons,14.5550437,121.1248905,Wood,929,3533,3/23/2021
531,Beier Inc,8.41667,-71.13333,Glass,306,201,1/6/2022
532,Dare LLC,34.2105603,-3.9980485,Steel,883,970,3/7/2021
533,Rau LLC,-7.340531,112.7077638,Glass,658,2761,1/17/2022
534,"Durgan, Bode and Fahey",43.46802,132.46674,Stone,174,1970,3/6/2023
535,Quigley LLC,45.8892671,0.3046171,Plexiglass,812,1609,11/21/2022
536,Murray LLC,51.1448845,20.1864915,Plastic,767,2751,10/9/2021
537,Sauer and Sons,30.679359,104.011664,Aluminum,871,1788,3/12/2023
538,"Harris, Rippin and Gaylord",59.7434607,10.1922785,Brass,730,2795,5/25/2021
539,Veum Inc,3.0721692,101.4687196,Wood,466,2645,6/14/2020
540,"Stiedemann, Watsica and Swaniawski",55.658365,37.615691,Granite,76,2869,10/11/2022
541,Stracke-Dare,35.9617036,14.3589429,Granite,442,3206,2/2/2021
542,Lueilwitz Group,50.3539899,19.4629659,Brass,916,3542,3/4/2022
543,Rutherford-Tromp,51.3098574,18.3275179,Brass,912,3767,11/27/2020
544,Fritsch-Gusikowski,-7.806698,-77.7174408,Granite,147,75,2/21/2023
545,"Stokes, Romaguera and Kuhn",40.546361,117.659499,Brass,838,3232,2/1/2023
546,Heller-Homenick,9.9578348,124.1789637,Rubber,985,2423,2/20/2023
547,"Batz, Sawayn and Gislason",30.9329039,121.4518015,Wood,733,3812,5/6/2021
548,Hegmann-Bins,37.4760836,140.9466447,Plexiglass,466,1320,1/16/2021
549,Welch Inc,57.4249887,60.0526098,Granite,722,1260,6/7/2021
550,Balistreri-Hermiston,10.3043903,104.6354631,Wood,552,2628,8/22/2022
551,Cole and Sons,62.1032048,25.6487971,Steel,41,679,7/7/2021
552,"Shanahan, Raynor and Sporer",-7.5201771,109.2638245,Stone,534,251,11/11/2022
553,"Zieme, Stiedemann and Feeney",-32.8409806,-70.956166,Glass,461,1462,11/6/2020
554,Kub LLC,59.4556319,15.7572629,Vinyl,946,3062,11/12/2020
555,"Tillman, Dietrich and Kris",14.565668,121.0317737,Steel,860,2013,2/14/2023
556,"Mertz, Stoltenberg and Erdman",43.0717734,46.8488828,Rubber,54,2551,10/29/2022
557,"Beahan, Howell and Beier",47.3860507,0.7236073,Wood,94,1231,8/19/2021
558,"Mohr, Thompson and Hayes",45.597839,126.637515,Stone,148,3075,10/23/2021
559,"Fritsch, Torp and Frami",52.3517146,6.624795,Wood,420,2500,1/3/2023
560,Berge-O'Hara,39.0427392,65.5826679,Vinyl,476,501,11/5/2022
561,"Baumbach, Mills and Casper",0.186066,30.4512086,Plexiglass,369,1632,4/7/2021
562,"Marquardt, Koepp and Conn",-7.5651443,112.239892,Glass,897,2820,9/29/2022
563,Mayert-Sporer,-6.752982,107.6896073,Wood,97,2837,3/16/2022
564,"Feil, Will and Heller",41.0174461,-7.7750036,Vinyl,17,2419,10/19/2021
565,"Reynolds, Hackett and Kulas",1.0673379,99.734444,Vinyl,962,753,1/27/2021
566,Kassulke-Von,46.6199321,32.7072675,Granite,331,1620,2/26/2023
567,Frami-Ritchie,12.2153659,-85.1660825,Stone,703,2961,3/14/2023
568,"Abbott, Becker and Donnelly",-7.3055182,110.4947314,Plexiglass,185,2123,4/5/2022
569,"Crona, Kihn and Von",34.2623634,108.8944226,Steel,734,1263,9/17/2022
570,"Rau, Mayert and Schultz",10.7991944,106.6802639,Steel,269,3502,10/17/2022
571,Gerhold-Schmidt,56.0388248,37.2339179,Plexiglass,827,3758,3/1/2021
572,Hansen and Sons,-8.7223957,115.1767095,Granite,274,3971,8/30/2021
573,Kuhlman and Sons,18.7634836,-70.3352881,Plexiglass,942,2293,7/3/2021
574,Douglas-Schamberger,42.3383958,130.3874889,Stone,801,403,3/9/2022
575,Kassulke-Macejkovic,51.9817834,17.0627666,Steel,540,2668,6/4/2021
576,Rempel-Weissnat,47.3591366,2.8002946,Aluminum,272,1408,4/3/2022
577,Brown-Grimes,23.9211737,-106.8915948,Aluminum,58,1818,12/7/2022
578,"Roberts, Jacobs and Lebsack",-9.5759852,123.997295,Wood,338,1779,3/13/2023
579,Mills LLC,-35.0026606,173.5016887,Aluminum,338,1475,12/23/2021
580,Kessler-Stark,45.7173944,4.8096702,Plastic,620,2865,10/14/2021
581,Crooks-Walter,-26.2652787,27.9073244,Granite,963,1975,3/19/2023
582,"Graham, O'Conner and Corkery",8.1142739,123.9026495,Glass,565,1260,11/12/2022
583,"Kuvalis, Altenwerth and Goyette",46.6267067,32.4413727,Vinyl,387,3381,12/14/2022
584,Cormier and Sons,26.745704,118.469281,Stone,451,3572,1/23/2022
585,Kohler-Reynolds,49.395599,2.789137,Rubber,449,1980,11/10/2022
586,Stracke-Von,26.263406,117.638678,Steel,401,3881,11/6/2022
587,Davis Inc,-32.1748082,-64.1108167,Aluminum,837,1170,2/10/2022
588,Blick Inc,33.8305244,-4.8353154,Stone,766,3903,3/27/2022
589,"Boehm, Rempel and Larson",49.7759894,13.6924662,Rubber,165,2658,1/3/2022
590,"Roob, Carter and Cruickshank",34.9540542,135.7515062,Vinyl,777,2876,11/28/2021
591,Spinka Group,14.6688068,121.1138058,Aluminum,546,3892,8/29/2022
592,MacGyver Inc,41.5728211,23.7282719,Aluminum,366,3213,11/7/2020
593,Crona-Rohan,7.46932,134.60991,Brass,829,3343,1/15/2021
594,"Hodkiewicz, Greenholt and Grimes",48.3114598,40.2585579,Granite,771,3895,8/7/2022
595,"Gleason, Quitzon and Okuneva",49.8232218,21.3934539,Aluminum,906,215,7/17/2020
596,"Schinner, Kozey and Heaney",28.021131,120.599782,Stone,450,1336,11/7/2022
597,Pollich LLC,-9.2623446,-77.6929792,Steel,636,1548,5/9/2022
598,Nolan-O'Hara,51.2487152,21.5754229,Brass,72,3491,1/31/2022
599,Hahn Group,16.9165711,107.0303221,Plexiglass,563,1961,4/6/2022
600,"Stracke, Kuvalis and Yost",26.6761327,31.4945887,Brass,344,1124,6/21/2022
601,Moore and Sons,49.4227567,15.1059917,Glass,549,3960,9/14/2020
602,Roob and Sons,-6.712398,106.8945456,Aluminum,706,2466,6/15/2020
603,Cole and Sons,10.3570803,124.9696526,Brass,963,1224,1/7/2021
604,Donnelly-Goodwin,48.738967,37.58435,Rubber,644,919,8/12/2022
605,Collins-Satterfield,34.167484,112.297729,Vinyl,681,1703,5/19/2022
606,Runte Group,-12.9361186,45.1501554,Steel,415,3133,9/4/2020
607,Hagenes Inc,31.364042,108.520914,Steel,522,2708,1/24/2021
608,O'Keefe Inc,39.4135711,-8.2103619,Stone,579,3340,6/19/2022
609,Dickens-Kutch,-6.3825,105.8361,Aluminum,836,2143,11/30/2020
610,Hauck-Dickens,14.7559236,121.0832459,Wood,862,3198,6/18/2022
611,"Batz, Glover and Wuckert",38.7470186,-90.2526163,Vinyl,913,3644,3/24/2022
612,"Will, Heller and Nikolaus",30.184907,121.227926,Granite,533,3252,6/29/2022
613,Torp Group,18.5422768,99.0571089,Steel,129,3998,9/25/2020
614,"Murazik, Dooley and Boyle",52.0872281,18.8224372,Glass,671,1558,12/21/2021
615,Cartwright Inc,56.2744592,44.0325148,Wood,834,3018,3/4/2021
616,Renner Inc,52.416925,13.6492904,Steel,696,331,4/23/2021
617,Metz-Homenick,49.9521295,22.4357438,Wood,655,3576,10/27/2022
618,"Lakin, Kessler and Lockman",-13.7134562,-76.1841701,Plexiglass,797,712,11/25/2021
619,"O'Conner, Bailey and Bogisich",43.6410973,51.1985113,Steel,481,672,3/10/2021
620,"Hauck, Bayer and Lakin",61.0390194,30.1341099,Plastic,66,3479,12/10/2022
621,"Huels, West and Balistreri",37.9346907,21.1449975,Vinyl,268,3352,8/24/2020
622,Konopelski and Sons,31.235029,121.512981,Wood,847,1426,11/30/2021
623,Marquardt-Brakus,35.90414,14.45415,Steel,815,1457,2/24/2021
624,Luettgen LLC,39.9048438,117.2490532,Plexiglass,545,2256,1/5/2022
625,Bruen LLC,34.5021072,135.3785556,Aluminum,963,164,6/8/2020
626,Smith-Klocko,59.0883359,17.5704656,Steel,966,3133,12/20/2021
627,Hintz and Sons,-7.2331881,112.5692082,Plastic,743,2943,8/10/2022
628,Kertzmann-Price,11.237963,122.6733826,Wood,473,3704,7/14/2021
629,Waelchi Inc,38.925875,100.449818,Granite,886,1815,10/5/2022
630,Ryan-Connelly,42.9203458,21.7421911,Plexiglass,214,1267,8/25/2020
631,Collins and Sons,37.9904219,23.6583002,Granite,79,1022,12/16/2022
632,Nicolas-Rowe,8.2435239,124.3401302,Stone,295,1017,8/31/2021
633,Gerhold-Aufderhar,40.175103,123.4344271,Vinyl,675,2319,1/18/2023
634,"DuBuque, O'Hara and Hintz",-23.2860188,-47.6790285,Glass,105,784,4/12/2021
635,Wyman Group,-3.4892191,114.8804853,Aluminum,587,1682,1/22/2023
636,"Mayer, Pollich and Gleichner",40.7512099,23.0695911,Steel,538,2040,10/18/2022
637,Nader and Sons,59.3730045,17.0201379,Wood,856,242,6/17/2020
638,Corwin LLC,-7.0567806,113.6353431,Steel,175,1173,10/11/2022
639,Hilpert-Schuster,41.8724387,113.0741002,Plastic,919,2343,11/8/2022
640,O'Keefe-Hauck,9.231487,29.8005027,Plexiglass,941,93,10/14/2021
641,Prosacco Group,15.259569,-61.3749796,Brass,757,3732,12/2/2020
642,"Zemlak, Schumm and Metz",51.35249,21.12877,Vinyl,231,624,9/8/2022
643,Raynor-Ondricka,38.2270256,-7.6809329,Stone,29,458,4/3/2021
644,Douglas and Sons,-7.5450262,111.6556388,Steel,592,2845,8/27/2021
645,"Pagac, Wolff and Bayer",-30.9970748,26.3308478,Wood,956,85,6/8/2021
646,Cremin and Sons,28.572029,109.482078,Brass,611,3375,3/12/2022
647,Heathcote-McGlynn,23.7247599,108.8076195,Steel,554,521,1/26/2021
648,Trantow Group,-37.4629159,-72.3612251,Aluminum,138,2226,3/20/2021
649,Dietrich-Bahringer,51.1656869,71.4439333,Plastic,292,665,6/13/2020
650,Jast-Feil,-21.0277616,-47.7772049,Glass,519,766,11/2/2021
651,Sauer Inc,22.354385,110.947043,Steel,564,911,2/7/2021
652,"Wyman, O'Hara and Zemlak",-7.177049,108.4127686,Brass,16,687,10/25/2021
653,McDermott-Gislason,30.645019,114.282194,Brass,199,3755,9/7/2020
654,Ullrich-Koch,2.7239834,101.9476452,Aluminum,954,1067,9/25/2021
655,"Hintz, Weissnat and Bahringer",66.322631,23.67353,Rubber,288,3813,1/14/2022
656,Weber-Quitzon,24.042666,114.345641,Aluminum,433,157,8/23/2021
657,Wunsch LLC,29.273357,47.9400154,Wood,702,3739,4/14/2021
658,"Schumm, Mohr and Corkery",54.5728766,20.1764433,Stone,431,1635,7/3/2021
659,Schoen Inc,43.9923818,43.7706401,Brass,815,3987,4/22/2022
660,Kiehn-Schuster,41.8561861,20.084422,Brass,720,316,6/29/2021
661,"Wyman, Lemke and Nitzsche",13.4932664,100.9637456,Rubber,765,2511,6/12/2022
662,Corwin LLC,9.1482421,9.7985457,Brass,721,524,6/14/2021
663,Hartmann and Sons,39.918983,116.47861,Rubber,130,1854,12/20/2020
664,Abbott Group,40.0397682,-75.145782,Plexiglass,174,2944,8/21/2020
665,McGlynn and Sons,32.006965,119.847051,Wood,565,3273,7/28/2022
666,Schulist-Cartwright,25.227212,100.307174,Stone,319,2781,11/29/2020
667,"Wilderman, Crooks and Goyette",49.1472664,-102.9866567,Plexiglass,347,1458,11/16/2020
668,"Weissnat, Strosin and Dooley",56.7155821,16.6880656,Steel,13,1627,9/12/2021
669,"Kuvalis, Zulauf and Rogahn",13.8493774,120.1022118,Steel,125,412,2/7/2023
670,Corkery and Sons,-7.2133284,110.3934388,Stone,284,1228,1/8/2022
671,"O'Reilly, Satterfield and Bauch",39.803681,112.073298,Plexiglass,404,2864,4/27/2021
672,"Hegmann, Morar and Will",36.5750373,52.026838,Granite,593,33,4/13/2022
673,"Watsica, Gleason and Leffler",9.7525077,105.2897042,Stone,505,1528,6/3/2022
674,Cummerata-Ratke,-26.183307,27.6830843,Wood,492,1951,11/9/2022
675,Romaguera Inc,42.0256471,24.1082622,Vinyl,227,88,8/30/2021
676,Schmidt and Sons,2.449478,-75.772917,Brass,760,1149,7/4/2020
677,"Hoppe, Kris and Kuphal",39.4625,21.65861,Rubber,818,761,4/16/2022
678,"Osinski, Kirlin and Brekke",49.0096906,2.5479245,Stone,880,2240,1/16/2022
679,Bergnaum Inc,-8.6276559,116.1979749,Vinyl,298,3261,11/14/2020
680,"Quitzon, Toy and Shields",34.1680953,132.1831963,Plexiglass,61,3255,6/2/2021
681,Turner and Sons,37.612712,113.707184,Steel,188,1498,2/16/2023
682,"Bode, Koch and Terry",29.276219,90.081241,Brass,204,861,7/14/2021
683,Ruecker-Brakus,24.8697215,89.3700108,Wood,712,895,2/12/2022
684,Renner Inc,50.716719,3.16806,Plastic,85,2959,7/15/2021
685,"Hodkiewicz, Bailey and Wiegand",52.1557661,11.5721966,Wood,837,2815,12/8/2022
686,"Marvin, Waters and Skiles",30.6509359,131.0436289,Vinyl,450,1158,12/23/2022
687,Stokes-Smith,63.839604,-22.410284,Brass,694,718,7/22/2022
688,"Shields, Aufderhar and Schmeler",30.5211502,112.8915932,Plexiglass,864,2872,6/27/2020
689,"Gerhold, Waters and Kozey",34.010666,104.395657,Plastic,913,723,11/5/2020
690,"Rohan, Schumm and Kunde",38.341245,101.193664,Wood,146,583,4/3/2022
691,Kunze-D'Amore,41.8408189,23.0786372,Plastic,163,2045,7/10/2020
692,Hansen Group,-17.4806228,-70.1229081,Plexiglass,364,2964,2/22/2021
693,Kassulke and Sons,11.2934532,2.435696,Glass,793,2732,1/16/2021
694,Kovacek Inc,-6.7796462,107.9276672,Plastic,880,3824,6/22/2021
695,"Lowe, Crooks and MacGyver",47.594843,1.3155028,Steel,547,2258,5/13/2021
696,Dooley-Stokes,-22.7561319,-43.4607419,Rubber,93,601,9/26/2022
697,Hahn-Nolan,54.2787562,18.5760979,Wood,530,3677,2/25/2023
698,McCullough and Sons,-6.4933318,106.8809319,Steel,443,3957,10/11/2020
699,Ullrich Inc,59.4430147,29.4885599,Steel,926,1310,8/30/2022
700,"Mayer, Koepp and Stokes",49.4992,-98.00156,Plexiglass,504,3529,3/8/2022
701,Orn Group,36.4051945,47.1156092,Rubber,843,3980,6/5/2021
702,"Hartmann, Schulist and Schumm",48.13348,-78.13283,Steel,801,1294,5/27/2021
703,"Langworth, Koepp and Schmidt",34.0542897,-4.4259259,Granite,424,2980,9/10/2022
704,Mertz LLC,-12.7822122,45.2582086,Vinyl,336,881,5/11/2022
705,"Fay, Reichel and Howell",-8.1934,113.2618,Granite,373,3401,10/30/2020
706,Rowe-Mueller,23.020673,113.751799,Granite,570,3824,9/23/2020
707,Rolfson-Schmidt,44.9863911,-93.3808756,Rubber,91,276,3/24/2021
708,Heller LLC,55.9562612,92.5796162,Wood,315,2681,9/1/2020
709,Cruickshank Group,38.6502909,-9.2157735,Granite,772,177,10/1/2021
710,Luettgen-Lang,56.9335219,24.2886319,Plastic,783,1332,2/15/2022
711,Langosh-Dare,34.6330462,136.524372,Plastic,551,96,12/5/2021
712,Douglas and Sons,3.2093353,101.6716295,Steel,520,1708,11/16/2022
713,Vandervort and Sons,-1.371775,-48.3854399,Rubber,742,985,5/12/2022
714,Sipes and Sons,26.647661,106.630153,Glass,64,506,11/23/2020
715,Steuber Group,57.2952246,13.5655522,Granite,278,2806,2/14/2023
716,"Brakus, Goldner and Gottlieb",21.17016,110.084068,Granite,509,3812,12/25/2021
717,Mertz-Deckow,34.17,-118.12,Granite,875,234,9/20/2020
718,"Pacocha, Abshire and Denesik",-12.5502705,28.2409671,Glass,452,2750,1/31/2023
719,Satterfield-O'Conner,-27.3782073,-55.9209171,Rubber,304,2421,7/27/2022
720,Frami-Paucek,37.9273983,69.8001762,Vinyl,188,3436,2/5/2023
721,"Abernathy, Effertz and Jerde",-6.9620686,108.4854717,Granite,214,41,6/24/2020
722,"Schroeder, Turner and Nitzsche",52.08234,5.1175293,Rubber,905,3307,11/7/2020
723,Boyle-Kuhlman,45.85007,-72.0658,Vinyl,531,3849,5/10/2022
724,Baumbach-Lindgren,14.4409724,120.9950071,Plexiglass,129,1919,4/23/2022
725,"Ryan, Stoltenberg and Adams",46.6199321,32.7072675,Rubber,416,981,7/7/2022
726,"White, Sipes and Hudson",54.1433253,-9.7359765,Granite,852,236,3/21/2021
727,Hartmann Inc,50.6276718,81.911898,Glass,718,1357,1/17/2022
728,Gerlach-Murphy,-37.5481968,-62.7684331,Plexiglass,966,858,8/6/2021
729,Hirthe LLC,55.8215671,44.6852174,Stone,867,3447,10/29/2020
730,Waters-Kub,30.945515,117.81154,Rubber,125,1788,9/22/2020
731,"Hermiston, Zieme and Ankunding",-5.4430889,-35.8716137,Vinyl,161,2789,3/12/2021
732,Reynolds Group,58.2031055,40.1130016,Glass,733,1309,11/1/2021
733,Orn Group,34.5403537,-4.8015285,Steel,935,1436,3/16/2023
734,Macejkovic Inc,7.4368244,3.2885455,Aluminum,326,3515,2/27/2021
735,Lesch-Bradtke,14.0031627,0.7556575,Plastic,746,1398,7/7/2020
736,"Ward, Cremin and Larkin",-31.4951912,25.0080443,Stone,224,2958,12/27/2022
737,"Cronin, Erdman and Mann",52.9352213,70.188509,Wood,35,787,9/13/2020
738,Lakin Inc,13.6119882,99.6118667,Stone,30,367,10/17/2021
739,Maggio Inc,40.7655701,22.4916502,Plexiglass,473,1460,12/4/2022
740,Predovic-Mitchell,55.8426843,38.1871216,Steel,738,3181,1/23/2023
741,Hagenes Inc,16.75245,100.2625222,Rubber,531,3005,9/15/2022
742,Turner-Nicolas,44.8464736,33.6744583,Stone,897,3986,11/1/2020
743,Schowalter-Hoeger,10.7908,124.014,Rubber,430,2002,6/1/2020
744,Cummings-Lehner,32.10233,35.321847,Glass,607,1746,7/23/2022
745,"Lynch, Welch and Kertzmann",-7.5740867,112.28609,Plastic,256,3772,5/19/2022
746,"Greenholt, O'Hara and Bartell",47.2391802,9.5572045,Glass,475,864,9/10/2021
747,Kiehn-Watsica,9.090009,126.162783,Stone,726,483,9/10/2022
748,Swaniawski and Sons,50.0804826,16.9364145,Rubber,870,55,12/28/2020
749,Lubowitz and Sons,53.3004898,-6.2634596,Rubber,30,642,2/21/2021
750,VonRueden-Grimes,31.211077,117.393358,Granite,345,715,11/16/2020
751,"Heathcote, Baumbach and Metz",9.915551,-84.031286,Wood,256,1899,2/16/2021
752,Sawayn LLC,42.0275439,23.9915523,Wood,79,2810,8/26/2021
753,Fahey-Reichert,7.1302807,-3.2030756,Brass,165,817,4/3/2021
754,Ondricka Inc,13.6532561,100.5633676,Granite,39,2597,4/24/2022
755,"Hills, Buckridge and Abbott",-9.7040122,124.1114621,Granite,131,367,8/19/2021
756,Kuphal and Sons,-4.0087147,136.0369403,Steel,469,3790,1/25/2023
757,Zieme-Rogahn,48.3424531,24.5753746,Aluminum,406,3236,6/15/2022
758,"West, Feest and Buckridge",42.2368,46.83073,Vinyl,230,3662,11/9/2022
759,Glover-Russel,49.5670697,6.1544928,Glass,517,1450,3/15/2023
760,Rau-Hyatt,-6.9726393,110.7629067,Aluminum,361,2136,10/4/2022
761,Abshire-Dicki,-1.3524989,-48.2592606,Granite,58,3806,5/31/2021
762,Green-Koelpin,44.1946802,4.0430608,Wood,628,1758,1/13/2021
763,Baumbach-Roberts,-7.380316,107.9917034,Plastic,889,3232,3/10/2021
764,Osinski-Predovic,35.819227,108.019549,Rubber,669,3288,12/14/2020
765,Heidenreich Inc,-6.9842,112.4909,Plastic,814,3536,8/5/2020
766,"Lueilwitz, McClure and Hettinger",39.0000158,140.0433007,Steel,20,778,11/29/2021
767,Ferry Inc,3.0100681,101.5326734,Rubber,196,3142,12/28/2020
768,"Gerlach, Johnston and Bauch",-7.0802569,108.5127903,Glass,148,2344,6/15/2022
769,"Moore, Koepp and Reinger",62.2030006,23.1762739,Plexiglass,649,2726,4/12/2022
770,Effertz LLC,15.847683,120.9187827,Rubber,839,2288,9/11/2022
771,"Baumbach, Renner and Prohaska",29.355908,109.671458,Stone,864,236,11/5/2022
772,"Dach, Quigley and Brekke",29.483344,-98.5207797,Vinyl,137,2258,7/23/2020
773,"Schumm, Batz and Cummings",43.0449888,45.7296087,Wood,456,1977,5/28/2021
774,Gleichner-Hickle,39.5013158,-0.3889622,Stone,1000,3774,2/23/2022
775,"Murray, Jaskolski and Harris",49.5111458,17.5282441,Rubber,475,577,7/14/2022
776,Douglas-Wilkinson,6.552741,-72.5003179,Plexiglass,581,2011,12/27/2022
777,Cummerata Group,-7.7913526,111.9343636,Wood,535,3689,7/30/2020
778,Bayer-Casper,-6.8292253,107.3532717,Plastic,182,2326,1/3/2022
779,"O'Reilly, Weber and Thompson",1.259619,101.213097,Plastic,582,1006,1/31/2023
780,Rosenbaum Inc,52.574095,-0.672296,Plastic,630,1689,12/24/2021
781,MacGyver-Dare,43.61812,118.05545,Glass,949,1449,1/21/2021
782,"Wilderman, Bailey and Osinski",14.5508865,121.0075554,Aluminum,146,2211,7/5/2021
783,Jacobi Group,45.6138162,20.0459853,Wood,874,3336,3/8/2022
784,"Effertz, Schulist and Brown",40.910754,22.8722799,Plastic,427,1601,9/20/2020
785,"Koss, Kessler and Bahringer",-6.5801079,-76.2609463,Aluminum,968,622,7/27/2021
786,"Corwin, Donnelly and Ruecker",49.9211825,19.4250873,Brass,483,592,7/25/2022
787,Schaden-Hyatt,22.3348365,91.8365195,Plastic,729,2707,5/7/2022
788,Jenkins LLC,29.5530941,118.9353968,Wood,516,2771,12/1/2022
789,"Howe, Lang and Herman",13.634726,-86.8107363,Aluminum,477,1880,7/17/2022
790,Yundt-Bahringer,-10.4318725,105.6735131,Vinyl,58,1627,10/12/2021
791,"Welch, Hauck and Von",27.218444,116.525725,Brass,864,3905,7/8/2020
792,Dickinson LLC,-8.4044008,116.5491893,Plexiglass,901,1717,1/7/2021
793,"Gibson, Kreiger and Klocko",22.8159074,-82.7589859,Plexiglass,414,1791,3/11/2022
794,DuBuque LLC,45.0486976,16.3746171,Granite,561,3109,9/25/2020
795,Johnson-Macejkovic,38.052038,114.466022,Stone,121,1390,8/23/2021
796,"Ondricka, Carroll and Feest",43.61812,118.05545,Steel,750,1657,10/21/2020
797,Treutel-Russel,57.1887898,14.0089418,Wood,586,1597,5/19/2021
798,"Kozey, Lind and Walker",-24.9288708,-53.4392535,Plexiglass,198,1373,6/6/2022
799,Hagenes LLC,31.800198,107.014924,Brass,878,2610,10/21/2021
800,Bahringer LLC,-22.3595631,-47.3853435,Aluminum,172,3316,9/28/2020
801,Lindgren Inc,35.8659607,14.5139265,Granite,193,2697,6/22/2021
802,"McKenzie, Baumbach and Koss",55.0099537,39.0764494,Plastic,709,2690,12/11/2022
803,Olson Group,-7.2119433,108.1591732,Glass,41,2038,9/30/2021
804,"Nicolas, Veum and Bernhard",48.1735752,91.7678144,Plastic,280,3224,1/10/2021
805,"Zemlak, Dickens and Denesik",-1.7775816,37.1097748,Plastic,842,84,11/3/2020
806,Kemmer-Morissette,49.1418733,15.673001,Glass,496,3674,9/22/2020
807,Oberbrunner LLC,-7.2694279,112.711668,Rubber,12,3991,4/23/2021
808,Renner Inc,-2.9863926,101.5134398,Plastic,195,1566,3/11/2021
809,"Herzog, Williamson and Stamm",-19.8552965,-44.6113601,Wood,280,1138,1/12/2023
810,"Lockman, Reichert and Huels",12.6813957,101.2816261,Brass,98,3075,10/15/2020
811,"Marvin, Koch and Jones",40.025532,44.5593439,Plastic,423,2225,4/29/2022
812,Schultz Inc,-8.0664795,-34.8843973,Plexiglass,292,377,2/18/2022
813,"Quigley, Haag and Gusikowski",-19.4704956,-42.4548328,Plastic,55,1043,1/23/2021
814,Price-Wiegand,45.9589716,16.3852937,Steel,983,3432,3/15/2023
815,Champlin Inc,30.7058907,76.785812,Brass,836,389,10/23/2020
816,Will-Cassin,28.074649,119.141473,Glass,29,433,1/22/2022
817,"Cartwright, Skiles and Gerlach",21.081585,106.7470536,Glass,777,2405,3/4/2023
818,Walter-Cole,4.6333268,9.4450439,Aluminum,242,904,7/11/2022
819,Bode-Little,48.071593,119.059106,Stone,507,3498,1/21/2022
820,"Gibson, Donnelly and Dickinson",41.4221745,-8.4414281,Plastic,298,3080,3/1/2021
821,Kuhic-Daniel,16.8046261,101.0089066,Glass,203,3254,10/18/2020
822,Stoltenberg-Hackett,-5.1942574,-36.4797126,Stone,740,122,3/24/2023
823,Hoppe Inc,7.9929954,-10.9524441,Wood,65,476,6/13/2020
824,"Sipes, Zieme and Reichel",45.1150317,15.5854843,Rubber,986,926,10/15/2021
825,Goldner-Batz,28.955847,114.532957,Brass,500,3091,6/3/2022
826,"Welch, Glover and Metz",50.2220773,24.8459624,Brass,714,417,8/27/2022
827,"Kautzer, Funk and Schaefer",-8.4236237,120.6027296,Steel,554,1876,11/4/2022
828,Wolff LLC,30.5547139,-84.0801613,Brass,997,1426,3/10/2021
829,Davis-Simonis,30.987804,34.929741,Stone,539,3609,8/2/2022
830,Roberts and Sons,13.8263447,-89.270477,Steel,275,1167,3/30/2022
831,Breitenberg-McDermott,10.7224254,122.2618013,Plastic,847,3904,9/6/2021
832,"Reichert, Bayer and Hackett",-7.8478439,-35.7570657,Vinyl,109,3141,9/6/2022
833,Lueilwitz and Sons,33.8446231,36.5499837,Plexiglass,305,3020,11/24/2021
834,Gorczany-Haag,45.8524432,-73.7572393,Aluminum,258,1446,1/14/2023
835,Will and Sons,59.3409179,18.0754478,Glass,737,3364,1/3/2021
836,"Pollich, Harris and Flatley",17.8963357,101.6578336,Aluminum,419,2053,1/26/2022
837,Mitchell Group,59.4907385,33.7584959,Wood,879,1732,5/20/2021
838,Huel Inc,-9.5463283,118.9996527,Stone,19,3551,9/28/2022
839,Mohr and Sons,9.9165452,-84.1014639,Glass,957,145,2/6/2023
840,DuBuque-Breitenberg,53.5380522,17.2364118,Plexiglass,908,3801,11/30/2020
841,"Beier, Schultz and Hahn",44.6773413,20.4439853,Glass,705,72,4/11/2022
842,Christiansen Inc,42.891255,129.508945,Wood,304,138,12/25/2021
843,"Schaden, Green and Paucek",-6.2904222,106.4945,Steel,803,475,3/24/2021
844,Kautzer Inc,49.7666568,1.1843207,Glass,449,2023,9/9/2022
845,Hagenes and Sons,-9.416667,119.766667,Vinyl,89,1617,1/2/2023
846,Mosciski-Reichert,-14.1102622,-73.8720449,Plexiglass,429,2073,2/8/2023
847,Wolff Group,29.002602,65.6639904,Plexiglass,511,1009,7/30/2022
848,"Bogan, Muller and Block",28.582654,121.365123,Vinyl,827,2990,1/25/2023
849,Strosin Group,-17.5952979,-65.9393064,Aluminum,842,3890,5/18/2021
850,"Herzog, Larkin and Schroeder",20.023731,110.580002,Rubber,324,2270,1/6/2021
851,Schmitt Inc,3.1140502,43.651925,Steel,2,3679,9/22/2021
852,Nader-Mante,39.4598833,48.5509813,Stone,664,375,2/13/2021
853,"Jast, Terry and Kuhic",6.4387946,100.1947477,Plexiglass,77,3723,9/4/2022
854,Reilly Group,11.9170674,5.9832577,Stone,466,1992,3/9/2021
855,Watsica Inc,-6.5483,105.9235,Vinyl,966,3959,3/17/2023
856,"Grady, Toy and Greenholt",-8.2359916,113.6561725,Stone,308,1987,11/14/2022
857,Hahn-Thiel,-8.2641378,-78.1546617,Stone,985,138,8/29/2022
858,Ankunding-Labadie,42.884784,128.033416,Granite,282,1648,10/23/2022
859,Boyle LLC,30.610203,34.801898,Stone,48,963,6/1/2020
860,Luettgen-Terry,-8.188844,122.9287931,Aluminum,568,1384,2/3/2022
861,Flatley-Predovic,-19.0139329,29.7773461,Vinyl,109,736,9/29/2020
862,Wiegand and Sons,39.5779145,48.9718588,Stone,736,1322,8/28/2021
863,Halvorson-Vandervort,35.604025,110.983333,Plastic,899,310,4/24/2022
864,Baumbach-Trantow,44.3348462,132.5565112,Vinyl,778,2869,7/26/2021
865,"Rohan, Mertz and Lemke",-6.7761721,111.4126837,Brass,92,736,10/4/2021
866,Bahringer Inc,35.657343,107.730679,Glass,8,776,1/21/2022
867,Kling and Sons,39.7443294,-89.7286056,Stone,340,1519,1/20/2023
868,Swaniawski-Quigley,45.6467048,122.8448203,Wood,660,3684,6/28/2020
869,Muller-Rowe,42.1072582,-72.5815752,Rubber,499,442,11/7/2021
870,Marks-Kris,30.779444,120.00922,Vinyl,854,644,9/11/2022
871,"Howe, Streich and Lang",-37.7912944,-58.8489331,Aluminum,826,568,6/22/2020
872,Schultz Group,14.93278,47.02763,Stone,296,3998,12/24/2022
873,Spencer-Hickle,-7.5330309,-46.035885,Plastic,977,46,4/17/2022
874,"Boyer, Gislason and Bogisich",26.8035682,91.5039207,Steel,161,3445,2/10/2023
875,Anderson-Jakubowski,31.026394,103.757315,Stone,297,792,1/6/2022
876,"Cassin, Gaylord and McCullough",6.444345,124.925696,Glass,695,2273,9/20/2020
877,"Emmerich, Feeney and Murazik",23.259479,113.824887,Rubber,626,1562,7/24/2021
878,Bode Group,-5.4703809,-80.7477708,Aluminum,92,1504,11/30/2022
879,"Luettgen, Strosin and Kautzer",-13.9792358,-71.4165779,Plastic,929,1605,3/17/2021
880,Ritchie-Monahan,22.1599753,-80.4437781,Brass,25,2726,6/25/2021
881,Sauer Group,-6.9427755,111.2994071,Steel,105,2326,12/7/2021
882,Powlowski Inc,-7.3550776,108.4098014,Steel,703,2007,1/7/2021
883,Runolfsdottir Group,28.55386,112.35518,Steel,126,3699,6/6/2020
884,"Conroy, Becker and Rosenbaum",44.9280296,4.8932938,Aluminum,877,1481,7/11/2021
885,Harber and Sons,0.4990124,29.4527538,Brass,456,690,4/13/2022
886,Haley and Sons,29.555948,113.87801,Granite,684,387,4/26/2022
887,Hauck-Berge,35.202503,102.521807,Vinyl,22,2478,1/28/2022
888,"Roob, Botsford and Kunde",-7.355927,110.6422198,Plastic,884,2994,9/29/2022
889,Kuhlman-Larkin,41.0184587,23.5206341,Brass,147,582,3/3/2021
890,Reichert-Lynch,40.927831,120.632941,Vinyl,996,764,8/17/2022
891,"Crona, Robel and Cronin",45.895779,85.349613,Stone,118,1408,5/13/2021
892,"Douglas, Kuhn and Daniel",38.97513,26.3684411,Wood,86,3860,11/1/2020
893,"Schmitt, Olson and Gaylord",13.5215952,102.1714454,Vinyl,678,310,6/29/2022
894,"O'Hara, Gutkowski and Becker",30.630173,120.565098,Rubber,345,2782,1/22/2023
895,"Fay, Sipes and Bechtelar",-6.5115909,105.652983,Wood,494,3331,8/30/2020
896,"Lockman, Zemlak and Hodkiewicz",29.9905062,120.594551,Glass,218,1942,2/21/2023
897,"Leuschke, Leuschke and Kunde",24.716803,118.476341,Granite,399,2549,5/23/2022
898,O'Keefe and Sons,24.192468,115.665617,Plastic,285,1101,12/29/2022
899,Muller-Hermiston,40.74389,19.93528,Stone,340,1843,1/1/2022
900,Effertz-Paucek,-8.3932,114.8028,Vinyl,543,727,11/23/2021
901,"Mayert, Wolf and Simonis",41.1214256,-8.6080715,Wood,69,3501,12/24/2021
902,Jast Group,6.639497,-73.287406,Glass,870,3164,2/6/2022
903,"Gleichner, Fahey and Toy",47.4485483,19.1990312,Plexiglass,868,371,10/15/2020
904,Renner-Hettinger,18.1402987,-77.0449327,Rubber,551,1298,4/4/2022
905,"Mohr, Bashirian and Kuphal",49.0996492,17.5496163,Wood,697,3436,6/13/2021
906,"Carter, Yost and Cremin",52.44387,15.11697,Brass,578,578,7/26/2020
907,Kuvalis-Hirthe,50.3649126,23.7519532,Steel,403,3065,7/31/2020
908,"Douglas, Kreiger and Feeney",-21.6029893,-48.3644226,Plastic,223,841,12/31/2022
909,Wiegand-Buckridge,-6.9210752,109.1746261,Brass,192,3467,8/15/2020
910,Schiller LLC,12.5683747,99.9576888,Granite,120,3759,11/9/2020
911,Senger-Mante,49.4604602,6.0280525,Rubber,925,608,10/8/2021
912,"Larson, Hoppe and Luettgen",25.112046,99.161761,Glass,840,811,3/5/2021
913,"Cummerata, Ebert and Mills",29.861346,121.448134,Brass,983,921,4/27/2021
914,Schneider-Greenholt,39.0862753,-28.0156811,Plexiglass,230,3003,12/9/2021
915,Durgan-Terry,22.270978,113.576677,Brass,22,1527,2/27/2022
916,Rogahn-Hintz,27.218444,116.525725,Plexiglass,117,1609,2/4/2023
917,Hoppe and Sons,6.8883341,-6.4396888,Rubber,580,2974,1/22/2022
918,Jenkins-Daniel,38.0249,22.73294,Plexiglass,911,3084,6/8/2021
919,Hagenes Inc,41.420018,128.200789,Granite,227,1561,11/27/2020
920,"Zboncak, Glover and Goyette",-6.080007,140.276147,Granite,61,1169,2/16/2022
921,"Cronin, Hudson and VonRueden",25.6923524,-100.2558064,Plastic,800,3185,11/22/2022
922,"Walker, Thiel and Nader",-9.5808,118.9951,Granite,263,169,5/12/2021
923,Beahan-Lakin,32.584368,120.133523,Plexiglass,250,3477,10/25/2021
924,"Olson, Fahey and Bernhard",14.5891663,-90.5326336,Plastic,376,3751,2/21/2023
925,Beahan-Schultz,38.8062871,139.9346659,Aluminum,923,289,10/13/2021
926,Keeling and Sons,-20.5501168,46.8010727,Vinyl,95,86,3/23/2022
927,"Hirthe, Ferry and Graham",49.553517,25.594767,Vinyl,625,1473,7/23/2020
928,Smith Inc,49.5458457,19.0802389,Rubber,627,1296,8/18/2020
929,"Bahringer, Effertz and Lueilwitz",-8.135667,111.5349059,Vinyl,766,2356,1/15/2021
930,"O'Hara, Kub and Muller",18.740381,109.735832,Steel,778,2265,3/21/2021
931,Upton and Sons,47.4494702,-122.307217,Stone,753,482,12/27/2021
932,Gusikowski Group,33.052654,115.996709,Brass,401,2103,3/5/2021
933,Ziemann LLC,57.779388,158.5752259,Plexiglass,533,1375,6/7/2021
934,Hermann-Stracke,13.3793771,-88.3506468,Steel,659,2228,9/11/2021
935,Bradtke-Emmerich,52.4402961,20.6717224,Aluminum,559,2796,11/26/2021
936,Kautzer-Johns,-8.4955,118.2991,Plastic,899,1987,11/12/2022
937,"Pacocha, Lowe and Aufderhar",58.2007895,15.9976985,Brass,95,2142,2/5/2021
938,Hauck Group,12.5840501,-1.2987349,Plastic,512,3239,11/19/2022
939,"Kulas, Grady and Wiegand",43.9497771,20.4469982,Wood,978,2045,5/15/2022
940,White and Sons,-26.6329034,-48.6844637,Granite,376,1043,9/15/2022
941,"Schneider, Kunde and Reichel",63.4400274,10.4024274,Brass,139,3440,9/24/2021
942,Franecki LLC,-7.9655412,110.6008827,Plexiglass,544,1908,4/4/2021
943,Jones and Sons,-6.8312395,111.95523,Vinyl,100,1314,6/21/2021
944,"Gerhold, Brakus and Hartmann",56.178249,37.902732,Glass,179,2687,7/6/2022
945,Streich-Glover,43.0606276,46.459691,Granite,239,227,12/4/2021
946,Hyatt-Koss,34.8456388,138.255437,Stone,522,1797,2/15/2022
947,"Paucek, Wiza and Tillman",41.676243,125.769983,Wood,399,340,10/15/2020
948,"Hoeger, Fahey and D'Amore",-23.3044524,-51.1695824,Plexiglass,851,3130,10/6/2020
949,Strosin-Maggio,27.294359,61.9989579,Steel,735,1724,12/25/2022
950,Padberg-Stokes,53.7406255,55.8746137,Rubber,293,653,7/2/2020
951,Ebert-Boyer,-14.35266,-70.094963,Steel,778,1948,1/4/2021
952,Ryan Inc,13.9052519,122.6448243,Vinyl,468,3429,9/16/2022
953,Dietrich-Goyette,41.2212595,-8.1439987,Stone,332,421,7/26/2020
954,Mills LLC,59.0876483,18.033468,Aluminum,442,1637,12/25/2021
955,"Johnston, Franecki and Romaguera",-7.0071448,113.2989944,Glass,320,2521,11/10/2022
956,Kilback-Miller,34.1009765,114.2138957,Stone,858,1922,5/18/2021
957,Murphy LLC,-7.2763,108.3561,Plastic,98,3824,11/1/2020
958,"Schmidt, Larson and Hilll",57.4492483,97.3580243,Plastic,751,2922,7/13/2021
959,Ziemann-Beier,28.297306,120.632491,Brass,126,3388,6/19/2022
960,Kozey LLC,6.470326,12.6187506,Rubber,425,2774,10/14/2020
961,Zemlak-Rice,0.6782274,34.1865669,Plastic,793,1436,6/28/2021
962,"Bednar, Schaefer and Aufderhar",52.9376808,87.9774328,Glass,386,3081,4/10/2022
963,Bode Group,-0.3592489,102.3607061,Rubber,233,614,6/24/2021
964,"Reynolds, Gleichner and Gaylord",47.028397,129.0207931,Brass,336,1030,4/27/2021
965,"Boyer, Harris and Ferry",11.4967991,122.6946707,Glass,951,2965,12/3/2020
966,"Graham, Cartwright and Murazik",29.483315,119.872545,Glass,974,3201,5/13/2021
967,"Ernser, Schroeder and Hammes",24.036405,114.559938,Vinyl,260,666,9/8/2022
968,"Langosh, Boyer and Maggio",46.1098585,-71.2983257,Wood,338,1573,12/3/2020
969,"Hane, Armstrong and Hackett",35.2853171,139.854819,Brass,514,2354,6/13/2020
970,Conn Inc,6.1097207,102.2462087,Plastic,197,1195,6/3/2020
971,"Jacobs, Champlin and Feil",-25.6707073,-54.7412036,Aluminum,720,630,5/31/2022
972,"Lehner, Wiegand and Reichert",37.2629988,139.8048354,Aluminum,597,2285,11/22/2021
973,"Schmeler, Ferry and Howe",-7.5450262,111.6556388,Rubber,463,929,3/13/2023
974,"Price, Feil and Lesch",-0.677334,34.779603,Plastic,570,1864,6/27/2020
975,Goyette Group,6.7367367,7.0014657,Brass,19,424,2/24/2021
976,Greenholt-Beatty,40.628952,122.511257,Brass,670,511,3/6/2021
977,"Stroman, Kreiger and Sipes",46.366234,127.010966,Plexiglass,282,1598,6/23/2022
978,Wehner-Fadel,44.0519136,42.8429639,Granite,487,1719,11/17/2020
979,Orn Group,-34.6562639,-58.421763,Glass,258,145,4/22/2021
980,"Zulauf, Russel and Nienow",41.3940988,-8.0276048,Aluminum,406,2816,1/22/2022
981,"Schaefer, McKenzie and Towne",30.857151,120.185838,Aluminum,321,2061,2/2/2021
982,Klein Group,47.6022755,6.2194418,Steel,17,3176,9/15/2021
983,Lynch and Sons,37.1994932,126.8311887,Glass,121,1979,6/9/2020
984,Dach Group,50.9190109,23.5462738,Plexiglass,456,3523,10/14/2021
985,"Carroll, Willms and Dickens",38.8491962,-9.2710509,Wood,468,922,12/26/2020
986,Hauck-Roberts,52.176031,-6.5899765,Granite,157,3429,11/18/2021
987,"Beahan, Orn and Cruickshank",29.985295,122.207215,Plexiglass,915,849,1/8/2021
988,Predovic Group,22.814304,115.955191,Wood,199,1355,4/6/2022
989,Osinski Group,4.6077979,97.0202754,Aluminum,800,2343,2/7/2022
990,Farrell-Legros,49.4744011,19.6404278,Rubber,653,1665,4/20/2021
991,"Fadel, Walker and Hamill",45.5294991,4.6192695,Plastic,546,174,3/15/2021
992,Ortiz LLC,9.2610401,125.9638162,Vinyl,589,889,1/30/2021
993,Johnson-Hoppe,59.3313673,54.337379,Granite,736,3066,2/12/2023
994,Bogan-Ernser,55.6271504,37.864193,Stone,898,1627,7/31/2021
995,Kautzer-Gutmann,56.8335579,24.4954399,Steel,594,2443,4/22/2022
996,Quigley LLC,-15.4524821,-47.6093177,Rubber,13,2931,7/14/2021
997,Waelchi-Hahn,9.9821841,122.7382909,Brass,7,2398,4/27/2022
998,"Feil, Hane and Johnston",31.181726,121.426376,Rubber,716,2738,2/26/2022
999,Hermiston-Lubowitz,14.6611789,121.0226827,Brass,648,607,5/10/2022
1000,"Gaylord, Zieme and Williamson",-6.205673,106.3081194,Aluminum,877,3101,5/15/2022
